Brand,Price,Sales,Rating
N/A,45K,5000,4.5
N/A,45000,,4.5
N/A,N/A,5000,
Apple,45K,,4.5
Apple,45K,,4.5
Xiaomi,45K,,4.5
Apple,N/A,,4.5
Xiaomi,N/A,500,4.5
N/A,,,4.5
N/A,N/A,,4.5
Samsung,,5000,4.5
Apple,,5000,4.5
N/A,45000,,4.5
N/A,,,4.5
Samsung,45000,500,4.5
Samsung,,5000,4.5
N/A,N/A,,
N/A,45K,5000,4.5
N/A,45K,5000,4.5
N/A,45000,5000,4.5
N/A,45000,500,4.5
N/A,45K,5000,
Samsung,45000,,
Xiaomi,45K,5000,4.5
Samsung,N/A,500,4.5
Samsung,45K,500,
Apple,N/A,,4.5
Samsung,45K,,
Apple,,500,4.5
N/A,45K,5000,4.5
Apple,45K,5000,4.5
Apple,,,4.5
Samsung,,5000,4.5
N/A,45000,500,
Xiaomi,45K,5000,4.5
Apple,,,
Xiaomi,,,4.5
N/A,45000,500,
Apple,45000,,
Samsung,N/A,5000,
Samsung,45K,5000,4.5
N/A,N/A,5000,4.5
Apple,,,4.5
Xiaomi,,5000,4.5
Xiaomi,N/A,500,4.5
N/A,N/A,500,4.5
Xiaomi,,5000,
Samsung,N/A,,4.5
Apple,45000,5000,4.5
Xiaomi,N/A,500,
Apple,45K,500,4.5
Samsung,45000,,4.5
Xiaomi,45K,500,
Samsung,N/A,,4.5
N/A,N/A,500,4.5
Apple,45K,5000,4.5
Xiaomi,45000,500,4.5
Apple,45000,5000,4.5
Apple,45K,500,4.5
N/A,45000,5000,4.5
Samsung,,500,
Samsung,,,4.5
Samsung,N/A,5000,4.5
Samsung,,,4.5
Xiaomi,45K,5000,
Xiaomi,45000,500,4.5
Samsung,N/A,,4.5
N/A,45000,5000,
Apple,45000,,4.5
Xiaomi,45000,5000,4.5
Samsung,45000,5000,4.5
Xiaomi,45000,500,4.5
N/A,,500,4.5
Apple,45000,500,4.5
N/A,,5000,4.5
N/A,45000,500,4.5
Xiaomi,,,
Samsung,45K,500,4.5
Xiaomi,45K,500,4.5
Xiaomi,,500,4.5
Xiaomi,45K,,
Apple,45K,5000,4.5
Xiaomi,N/A,,4.5
Apple,45000,,
Apple,,5000,4.5
Samsung,45000,5000,4.5
Xiaomi,,500,
Xiaomi,45000,,4.5
N/A,,,4.5
Apple,,500,
Samsung,45000,,
N/A,45000,5000,
Apple,45000,,4.5
N/A,45000,,4.5
Xiaomi,N/A,5000,4.5
Samsung,45K,,4.5
Samsung,N/A,500,4.5
Xiaomi,N/A,5000,4.5
Apple,45000,,
Xiaomi,,,4.5
Xiaomi,45000,,4.5
Apple,N/A,5000,4.5
Xiaomi,45K,500,
Apple,N/A,500,4.5
Xiaomi,N/A,5000,4.5
Xiaomi,N/A,5000,4.5
Xiaomi,,500,4.5
Samsung,45000,5000,4.5
Samsung,N/A,500,
Apple,45000,,4.5
N/A,,,
Samsung,,500,4.5
Samsung,45000,5000,4.5
Xiaomi,,,4.5
N/A,N/A,500,
Apple,45K,500,4.5
Samsung,45K,5000,4.5
N/A,45000,5000,
Apple,N/A,500,4.5
N/A,N/A,5000,4.5
Samsung,45K,500,4.5
Xiaomi,45K,500,4.5
Xiaomi,,,4.5
N/A,45000,5000,4.5
Apple,45K,5000,4.5
Apple,N/A,,4.5
Samsung,45K,500,4.5
N/A,N/A,,
N/A,N/A,5000,
Samsung,45K,,4.5
Xiaomi,,,4.5
Samsung,N/A,500,4.5
Samsung,45K,500,4.5
N/A,45K,,4.5
Apple,,5000,4.5
Samsung,45K,500,4.5
Xiaomi,N/A,5000,4.5
N/A,,5000,4.5
Xiaomi,N/A,5000,
Xiaomi,N/A,5000,4.5
Samsung,,500,4.5
Samsung,45000,500,4.5
Xiaomi,,500,4.5
Apple,45000,5000,4.5
Samsung,45000,500,4.5
Xiaomi,,,4.5
Apple,N/A,500,4.5
Xiaomi,N/A,,
Apple,,,4.5
Apple,,500,4.5
N/A,45K,500,4.5
Xiaomi,45K,,
N/A,45K,5000,4.5
Samsung,45K,,4.5
N/A,45K,5000,4.5
Samsung,N/A,5000,4.5
Samsung,N/A,,4.5
Samsung,,,4.5
Samsung,45000,500,4.5
N/A,45000,,
Samsung,45000,,4.5
Apple,,5000,
N/A,N/A,500,
N/A,45K,5000,4.5
Samsung,45K,5000,4.5
N/A,,5000,4.5
N/A,45K,500,4.5
N/A,N/A,5000,4.5
Xiaomi,45000,5000,4.5
Apple,45000,500,4.5
Apple,,500,
Xiaomi,N/A,,4.5
N/A,,500,4.5
N/A,45000,5000,4.5
N/A,45K,5000,4.5
Xiaomi,,,
Apple,,500,4.5
N/A,N/A,500,4.5
Samsung,45000,5000,
Samsung,45K,5000,4.5
Samsung,,500,4.5
Apple,45K,,4.5
Apple,,5000,4.5
N/A,,5000,4.5
N/A,,5000,4.5
N/A,45000,5000,4.5
N/A,45000,5000,
Xiaomi,N/A,,
N/A,45K,5000,
N/A,45000,5000,4.5
Samsung,N/A,,4.5
N/A,45000,5000,4.5
Xiaomi,,5000,
Samsung,,,4.5
N/A,45K,500,4.5
Samsung,45000,500,4.5
Samsung,,500,4.5
N/A,,500,4.5
N/A,N/A,5000,
Samsung,45000,500,4.5
Xiaomi,,,4.5
Xiaomi,45K,,4.5
Samsung,N/A,5000,4.5
Apple,,,4.5
Xiaomi,,500,
Apple,,,4.5
Xiaomi,45000,,
Samsung,N/A,,
Apple,,,4.5
Apple,N/A,,4.5
N/A,45K,,4.5
N/A,,500,
Xiaomi,,,
N/A,45K,,
Apple,45K,,
N/A,45K,,
Apple,45K,5000,4.5
Apple,45000,5000,4.5
Xiaomi,45K,500,
Xiaomi,45K,500,4.5
Apple,45K,500,4.5
Samsung,45K,,4.5
Samsung,45K,,4.5
Samsung,,500,4.5
Samsung,45K,,4.5
N/A,,,4.5
N/A,45000,,4.5
Apple,45K,500,4.5
Samsung,N/A,5000,
Xiaomi,45K,5000,4.5
Samsung,N/A,,4.5
Apple,N/A,,4.5
N/A,45K,500,4.5
Samsung,45K,5000,
Apple,N/A,500,4.5
Apple,N/A,500,
Samsung,45K,,4.5
N/A,N/A,5000,
Xiaomi,45K,,4.5
Samsung,N/A,,4.5
Xiaomi,45000,500,
Samsung,,500,4.5
Xiaomi,N/A,,
Apple,,5000,
N/A,,,
Xiaomi,45000,500,
N/A,45000,5000,4.5
Apple,,,4.5
Samsung,45K,5000,4.5
Xiaomi,N/A,5000,
N/A,N/A,5000,4.5
Apple,,5000,4.5
Apple,45K,5000,
N/A,N/A,500,4.5
Apple,45K,,4.5
Xiaomi,45000,5000,
Apple,45000,500,4.5
Xiaomi,45000,5000,
Xiaomi,45K,,
Apple,45K,500,
Xiaomi,,500,4.5
Apple,,,
N/A,45000,,4.5
Xiaomi,45000,5000,4.5
Xiaomi,,5000,4.5
N/A,45K,,4.5
Samsung,,,4.5
Samsung,45K,5000,
Xiaomi,45K,,4.5
N/A,45K,,
Xiaomi,N/A,500,4.5
Xiaomi,45000,5000,
N/A,45000,500,
N/A,45K,,4.5
Samsung,N/A,,
N/A,45000,,4.5
Xiaomi,45K,5000,4.5
Xiaomi,45K,,4.5
Xiaomi,N/A,,
Apple,45000,500,4.5
Samsung,,5000,
N/A,N/A,500,4.5
Xiaomi,45K,,4.5
Apple,45000,5000,
N/A,45K,,4.5
Xiaomi,45000,500,4.5
Samsung,,5000,
Apple,,500,4.5
Apple,45K,500,4.5
Apple,45K,5000,4.5
Xiaomi,N/A,5000,4.5
Xiaomi,,5000,4.5
N/A,N/A,5000,4.5
Samsung,45K,5000,4.5
Xiaomi,,5000,4.5
Samsung,45000,500,4.5
Xiaomi,,,4.5
Apple,45000,5000,4.5
Apple,45000,,4.5
Samsung,N/A,5000,
Samsung,45K,,
Xiaomi,,500,4.5
Samsung,45K,5000,
Apple,45K,5000,4.5
Xiaomi,45K,500,4.5
Xiaomi,45K,,4.5
Apple,45000,5000,
Samsung,,500,
Samsung,N/A,500,4.5
Samsung,45000,,
N/A,45000,5000,4.5
N/A,45K,500,
Apple,N/A,5000,4.5
Apple,N/A,5000,
Apple,,500,
N/A,45000,500,
N/A,45K,5000,
N/A,,5000,4.5
Apple,45K,,4.5
Xiaomi,,5000,
Apple,45000,500,4.5
Samsung,45000,500,
Xiaomi,45K,5000,4.5
Xiaomi,N/A,500,4.5
Xiaomi,45000,5000,
Samsung,45000,5000,4.5
Apple,,5000,4.5
Xiaomi,45K,500,4.5
Xiaomi,N/A,,4.5
Apple,45K,5000,
Samsung,45000,,
N/A,,500,
Xiaomi,N/A,500,4.5
N/A,N/A,500,4.5
Apple,,5000,
N/A,,,
N/A,,5000,4.5
Samsung,,500,
N/A,45K,500,
Apple,45000,,4.5
N/A,45000,5000,4.5
Apple,45000,500,4.5
Samsung,45000,,4.5
N/A,N/A,,
Samsung,,5000,4.5
N/A,45K,500,4.5
Samsung,,5000,4.5
Samsung,,5000,4.5
N/A,,5000,4.5
Xiaomi,45000,5000,4.5
Xiaomi,45000,500,4.5
Apple,,5000,4.5
Apple,,500,4.5
Apple,45K,500,4.5
Samsung,,500,
Samsung,N/A,500,
Apple,45000,5000,4.5
Xiaomi,N/A,,
Samsung,,5000,4.5
Xiaomi,N/A,5000,
Samsung,N/A,500,4.5
N/A,,,
N/A,,5000,4.5
Apple,,,
Apple,,5000,
Xiaomi,,5000,4.5
Samsung,,500,
N/A,,,4.5
Samsung,45000,5000,4.5
Xiaomi,45K,500,4.5
Apple,,,4.5
N/A,N/A,500,4.5
Samsung,,500,4.5
Xiaomi,N/A,500,4.5
N/A,,5000,4.5
Xiaomi,45000,,
Apple,,5000,
N/A,45000,5000,
Xiaomi,N/A,500,4.5
Xiaomi,N/A,500,4.5
Apple,N/A,500,4.5
Samsung,45000,,
Samsung,N/A,500,
Xiaomi,N/A,,
Xiaomi,45K,,4.5
N/A,45000,5000,
Samsung,,500,4.5
Samsung,N/A,,4.5
Samsung,45K,500,4.5
Samsung,,5000,4.5
N/A,,500,4.5
Apple,45000,500,4.5
Samsung,N/A,,
Apple,,5000,
Apple,45000,500,
Samsung,N/A,500,4.5
Apple,N/A,5000,4.5
Samsung,45K,500,4.5
N/A,45K,,4.5
Apple,45K,,
Apple,45K,5000,
N/A,45000,5000,
Apple,N/A,500,4.5
Apple,,,4.5
Samsung,N/A,500,4.5
Xiaomi,45K,,4.5
Xiaomi,45000,,4.5
Xiaomi,,,
N/A,N/A,500,4.5
Xiaomi,N/A,500,
Samsung,,,4.5
Samsung,N/A,5000,4.5
Samsung,45000,5000,4.5
Samsung,45K,5000,4.5
Xiaomi,45000,5000,4.5
Xiaomi,N/A,500,4.5
Samsung,45K,,4.5
Xiaomi,,500,4.5
Apple,N/A,5000,4.5
Samsung,N/A,5000,4.5
Xiaomi,45000,500,4.5
Samsung,,,4.5
Xiaomi,N/A,5000,
Xiaomi,45000,5000,4.5
Samsung,N/A,500,
N/A,45K,5000,4.5
Apple,,5000,4.5
N/A,45000,500,
Xiaomi,,5000,
Samsung,45000,500,4.5
Xiaomi,45000,500,
Samsung,45K,,4.5
Apple,,,4.5
Apple,,500,4.5
N/A,45000,,4.5
N/A,45K,500,4.5
Apple,45K,,4.5
Xiaomi,45000,500,4.5
Samsung,45000,500,4.5
N/A,45000,,
Apple,45000,500,
Xiaomi,,5000,4.5
Samsung,N/A,,
N/A,,,
Samsung,45K,500,4.5
Apple,,500,4.5
Apple,N/A,500,
Apple,N/A,5000,
Xiaomi,N/A,5000,4.5
Xiaomi,45K,500,4.5
N/A,45K,500,4.5
Samsung,45000,,
Samsung,,,4.5
N/A,,500,4.5
N/A,N/A,,4.5
N/A,45K,500,4.5
Xiaomi,45000,500,
Samsung,45K,5000,4.5
Samsung,N/A,,4.5
Apple,,,
Samsung,N/A,,4.5
Apple,N/A,500,4.5
Xiaomi,45000,500,4.5
Apple,45000,,4.5
Xiaomi,45K,,4.5
N/A,,5000,4.5
N/A,45000,5000,4.5
Xiaomi,45000,5000,4.5
Apple,45000,,4.5
Apple,,500,
Apple,45000,,4.5
N/A,45000,500,4.5
Apple,45K,,4.5
Samsung,45K,500,
N/A,N/A,,
Samsung,,5000,
Apple,,500,4.5
Apple,45000,5000,4.5
Xiaomi,45000,,
Apple,45K,500,
N/A,45K,,4.5
Xiaomi,45K,,4.5
Samsung,,500,
Xiaomi,45K,5000,
N/A,45K,,
Apple,45K,500,4.5
Samsung,N/A,5000,4.5
N/A,N/A,5000,4.5
N/A,45K,500,
Samsung,45K,500,4.5
Samsung,45000,5000,
Samsung,N/A,500,4.5
Apple,45K,,4.5
N/A,45K,,4.5
Xiaomi,45000,5000,4.5
Xiaomi,,5000,4.5
Apple,,,
Apple,N/A,500,
Xiaomi,N/A,,4.5
N/A,N/A,500,4.5
Apple,45K,,4.5
Apple,45K,5000,
N/A,,500,4.5
N/A,45000,5000,
Apple,,5000,
Xiaomi,45K,,4.5
N/A,45K,500,4.5
Samsung,N/A,5000,
N/A,45000,5000,4.5
Apple,,5000,4.5
Xiaomi,,500,4.5
Xiaomi,N/A,5000,4.5
Samsung,45K,5000,
N/A,N/A,,4.5
Xiaomi,45000,5000,4.5
Xiaomi,,500,4.5
Samsung,N/A,5000,
N/A,N/A,,
Samsung,45000,,4.5
Samsung,N/A,5000,
Apple,,5000,4.5
Apple,,,
N/A,45000,5000,4.5
Samsung,45K,5000,
Apple,,5000,4.5
Apple,45000,500,4.5
N/A,45K,5000,
Apple,,5000,4.5
Xiaomi,45000,,4.5
Apple,,500,
Samsung,45000,500,4.5
Samsung,45K,,4.5
Xiaomi,45000,5000,4.5
Samsung,N/A,5000,4.5
Xiaomi,,5000,4.5
N/A,N/A,5000,4.5
N/A,45000,500,
Samsung,N/A,5000,4.5
N/A,,5000,
Samsung,N/A,,4.5
Xiaomi,N/A,5000,4.5
Apple,,5000,4.5
Apple,45K,,4.5
N/A,45K,5000,
Apple,45000,5000,4.5
Xiaomi,45000,,4.5
N/A,,,4.5
Apple,,5000,4.5
Xiaomi,N/A,,4.5
N/A,45K,,
N/A,N/A,500,
N/A,45K,5000,
Samsung,,,
N/A,45000,5000,4.5
N/A,N/A,,4.5
Apple,,5000,4.5
Apple,,500,4.5
Samsung,45000,5000,4.5
Apple,45000,5000,4.5
N/A,45000,5000,
Xiaomi,45K,500,
N/A,45000,5000,
N/A,N/A,,4.5
Samsung,,5000,4.5
Samsung,45000,500,4.5
N/A,45K,500,4.5
Xiaomi,45000,5000,4.5
Samsung,45000,500,
Samsung,45K,,4.5
Xiaomi,N/A,,
Apple,,500,
Apple,,500,4.5
Samsung,,5000,4.5
Samsung,,500,4.5
Xiaomi,N/A,5000,4.5
N/A,45K,5000,4.5
Samsung,45K,,4.5
Samsung,N/A,5000,4.5
Apple,,5000,4.5
N/A,N/A,500,
N/A,45K,5000,4.5
Samsung,N/A,500,
Apple,45000,,4.5
Xiaomi,45000,5000,
Apple,45000,500,4.5
Apple,45000,500,4.5
Xiaomi,N/A,5000,
Samsung,45K,500,4.5
Apple,,500,4.5
Xiaomi,N/A,,4.5
N/A,N/A,5000,4.5
N/A,45000,500,4.5
N/A,N/A,500,4.5
N/A,,500,
Xiaomi,45000,500,
N/A,45000,5000,4.5
N/A,45K,500,
Samsung,,500,4.5
N/A,45000,,4.5
Xiaomi,45000,,4.5
N/A,45000,5000,
Xiaomi,45K,5000,4.5
Apple,N/A,5000,
N/A,45000,5000,4.5
Xiaomi,N/A,500,4.5
N/A,45000,5000,4.5
Xiaomi,N/A,,
Xiaomi,N/A,5000,4.5
Apple,N/A,5000,4.5
Xiaomi,45000,500,4.5
N/A,,5000,4.5
Samsung,N/A,500,
Samsung,,500,
Samsung,,5000,
Apple,,,
N/A,45K,500,
Xiaomi,,,4.5
Samsung,45000,,4.5
Apple,45000,5000,
Samsung,45K,500,4.5
N/A,,,4.5
N/A,45K,5000,4.5
Apple,45K,,
Samsung,45K,,4.5
Apple,,5000,4.5
Apple,N/A,5000,
Apple,N/A,500,4.5
N/A,,5000,4.5
N/A,N/A,500,4.5
Xiaomi,45K,5000,4.5
Xiaomi,45000,,
Samsung,45000,,4.5
Apple,45K,500,4.5
Samsung,45000,5000,4.5
N/A,45000,5000,4.5
N/A,45K,,4.5
Apple,45K,,4.5
N/A,N/A,500,4.5
Samsung,45K,5000,4.5
Xiaomi,45000,500,4.5
Xiaomi,45K,5000,4.5
Apple,,500,
Samsung,N/A,5000,
N/A,,,4.5
Samsung,N/A,,
N/A,,500,
Apple,45000,500,4.5
Xiaomi,N/A,500,4.5
Samsung,N/A,5000,4.5
Samsung,,5000,
N/A,N/A,,
N/A,45000,5000,
Xiaomi,45K,5000,4.5
N/A,45000,5000,4.5
Xiaomi,45000,,
N/A,N/A,,
Xiaomi,45000,5000,4.5
Apple,,500,4.5
Xiaomi,45000,,4.5
N/A,45000,500,
Samsung,,,4.5
Samsung,45K,,4.5
Samsung,45000,500,
Apple,45000,500,
Apple,45000,5000,4.5
Samsung,45K,5000,4.5
Samsung,45K,,4.5
Samsung,45000,,4.5
Xiaomi,45K,5000,
N/A,N/A,,4.5
Samsung,45K,,4.5
Apple,N/A,5000,4.5
Samsung,45000,,4.5
Xiaomi,45000,500,
Samsung,45K,5000,4.5
Apple,,500,4.5
N/A,45000,,4.5
Xiaomi,45000,,
Samsung,45000,5000,
Xiaomi,,500,4.5
Xiaomi,,5000,
Xiaomi,N/A,5000,4.5
Samsung,N/A,500,4.5
N/A,45000,5000,4.5
N/A,N/A,,
Apple,,5000,4.5
Apple,N/A,,4.5
Samsung,45000,5000,4.5
Samsung,,5000,
Xiaomi,45K,500,
N/A,N/A,500,4.5
N/A,N/A,,4.5
N/A,45K,500,4.5
Apple,N/A,5000,
N/A,N/A,,4.5
Samsung,N/A,500,
Apple,45000,,
N/A,45000,5000,4.5
Apple,,,4.5
Samsung,45K,5000,4.5
Apple,45K,5000,
Apple,,5000,4.5
N/A,,,4.5
N/A,N/A,500,
Apple,45000,,4.5
Xiaomi,45000,,4.5
N/A,,,4.5
N/A,45K,500,
Xiaomi,45K,5000,
Xiaomi,45K,,
Apple,45K,500,4.5
Apple,,500,4.5
Xiaomi,N/A,,4.5
Samsung,45000,,
Apple,45K,,
Apple,45000,500,4.5
Samsung,45000,500,4.5
Xiaomi,,5000,4.5
Apple,45000,500,
Apple,45K,500,
Samsung,N/A,5000,4.5
N/A,45K,5000,4.5
Xiaomi,N/A,5000,4.5
N/A,N/A,,4.5
Apple,N/A,5000,
N/A,N/A,5000,4.5
Apple,45K,5000,4.5
N/A,,,4.5
Apple,N/A,500,4.5
N/A,45K,,4.5
Apple,45000,,
Samsung,N/A,500,4.5
Xiaomi,,,
Apple,N/A,5000,4.5
Apple,45000,,4.5
Samsung,,5000,4.5
N/A,45K,5000,
Samsung,N/A,5000,4.5
Xiaomi,,500,4.5
N/A,45000,500,
Xiaomi,45000,5000,4.5
Xiaomi,45K,500,
N/A,N/A,,
N/A,,5000,4.5
N/A,,5000,4.5
Samsung,45K,,4.5
Apple,,500,4.5
Apple,45K,5000,
Samsung,45K,500,4.5
Samsung,45000,5000,
N/A,45K,5000,
Samsung,45000,5000,
Apple,45000,500,4.5
N/A,N/A,500,4.5
Xiaomi,45000,5000,4.5
N/A,45000,,4.5
Xiaomi,N/A,500,
Xiaomi,,,4.5
Apple,45K,5000,4.5
Xiaomi,45K,5000,
Samsung,45000,5000,4.5
N/A,45K,5000,4.5
Xiaomi,,5000,
N/A,45000,,
Xiaomi,N/A,500,4.5
Apple,,5000,4.5
Apple,N/A,500,4.5
Samsung,N/A,,4.5
Samsung,45000,5000,4.5
Apple,45000,500,
Apple,45K,5000,
N/A,N/A,,
Xiaomi,N/A,,4.5
Samsung,N/A,,
Apple,45000,500,4.5
Samsung,45000,5000,4.5
Apple,45K,500,4.5
N/A,N/A,,
Samsung,N/A,500,4.5
N/A,45K,,
Samsung,45K,500,
Samsung,45000,500,4.5
N/A,45000,5000,
Apple,45K,,4.5
Xiaomi,,500,4.5
Samsung,N/A,,
Apple,,,4.5
Samsung,45K,,4.5
Samsung,N/A,5000,4.5
N/A,,5000,4.5
Xiaomi,45K,500,4.5
Xiaomi,N/A,,4.5
N/A,,500,
Xiaomi,N/A,5000,4.5
Xiaomi,,,
Xiaomi,N/A,5000,4.5
N/A,45000,,
Xiaomi,45K,500,4.5
Xiaomi,45K,,4.5
N/A,,500,
Xiaomi,N/A,5000,
Xiaomi,45K,5000,4.5
N/A,45K,5000,
N/A,45000,5000,4.5
Samsung,45000,500,
N/A,45K,5000,4.5
N/A,,,4.5
N/A,45000,500,4.5
Samsung,,5000,
Apple,45K,5000,4.5
N/A,45K,,4.5
Apple,N/A,500,
Samsung,45K,500,4.5
Apple,N/A,,4.5
Samsung,45000,,4.5
Apple,45K,500,4.5
Xiaomi,45000,,4.5
Xiaomi,,,4.5
Apple,N/A,,4.5
Samsung,45000,,
N/A,45K,500,4.5
N/A,45000,500,4.5
Xiaomi,45000,,
Samsung,N/A,,4.5
Samsung,N/A,5000,4.5
Xiaomi,,500,4.5
Apple,N/A,500,
Xiaomi,N/A,,4.5
N/A,,,4.5
N/A,N/A,5000,
Xiaomi,,5000,4.5
N/A,45000,500,
N/A,,500,4.5
Samsung,45000,,4.5
Apple,45000,500,
Samsung,45000,5000,
Apple,45000,500,4.5
Samsung,45K,5000,
N/A,N/A,5000,
N/A,45000,5000,4.5
N/A,N/A,5000,4.5
N/A,N/A,,4.5
Apple,45000,5000,4.5
Samsung,45000,5000,
N/A,N/A,500,
Samsung,45000,5000,4.5
Apple,45K,5000,4.5
N/A,45K,500,4.5
Samsung,,5000,4.5
Apple,N/A,5000,4.5
